resn,score,is epitope
M,0.12454716,False
A,0.18953216,True
V,0.24871185,True
T,0.20262252,True
A,0.12296436,False
C,0.12559806,False
Q,0.18134776,True
G,0.093914665,False
L,0.09001487,False
G,0.08598241,False
F,0.095093854,False
V,0.066660404,False
V,0.0709117,False
S,0.09288862,False
L,0.07438826,False
I,0.070312515,False
G,0.08882589,False
I,0.085063435,False
A,0.038358405,False
G,0.0524735,False
I,0.059414685,False
I,0.07660555,False
A,0.056096267,False
A,0.06587989,False
T,0.078693666,False
C,0.08896175,False
M,0.17071195,False
D,0.16087033,False
Q,0.18733446,True
W,0.15951246,False
S,0.2787362,True
T,0.21974131,True
Q,0.29127157,True
D,0.23025095,True
L,0.21653222,True
Y,0.4266197,True
N,0.30733,True
N,0.35816082,True
P,0.25297797,True
V,0.25283542,True
T,0.16277887,False
A,0.117925756,False
V,0.11804072,False
F,0.21970493,True
N,0.11131191,False
Y,0.14257547,False
Q,0.25494075,True
G,0.16753925,False
L,0.11682317,False
W,0.2827146,True
R,0.3965354,True
S,0.20145212,True
C,0.18769135,True
V,0.16578598,False
R,0.27056658,True
E,0.23786533,True
S,0.16636974,False
S,0.17483164,False
G,0.11982879,False
F,0.10527713,False
