resn,score,is epitope
S,0.081080176,False
G,0.079034135,False
I,0.090046994,False
M,0.095677145,False
F,0.11281408,False
I,0.05648368,False
V,0.054049645,False
S,0.051141083,False
G,0.063828886,False
L,0.072354905,False
C,0.061721314,False
A,0.03191787,False
I,0.06266401,False
A,0.043060374,False
G,0.070629895,False
V,0.0664273,False
S,0.069105394,False
V,0.116686925,False
F,0.09798936,False
A,0.08051687,False
N,0.15342976,False
M,0.16010848,False
L,0.11299181,False
V,0.16531172,False
T,0.18708056,True
N,0.17035446,False
F,0.2008488,True
W,0.21411514,True
M,0.22106098,True
S,0.17849675,True
T,0.17188704,False
A,0.19419675,True
N,0.20828664,True
M,0.26848015,True
Y,0.31136867,True
T,0.22999561,True
G,0.24435866,True
M,0.25973302,True
G,0.31092575,True
G,0.25338992,True
M,0.31889588,True
V,0.2087405,True
Q,0.26486146,True
T,0.16189446,False
V,0.14964052,False
Q,0.19235025,True
T,0.21974769,True
R,0.21673287,True
Y,0.18117377,True
T,0.1858795,True
F,0.16502735,False
G,0.10545558,False
A,0.099675864,False
A,0.07916554,False
L,0.09601458,False
F,0.053449113,False
V,0.10454277,False
G,0.06780911,False
W,0.09442197,False
V,0.06172858,False
