resn,score,is epitope
Y,0.14277594,False
D,0.22472215,True
G,0.23531751,True
G,0.2501757,True
A,0.21448855,True
R,0.34669834,True
T,0.22800335,True
E,0.287959,True
D,0.24799868,True
E,0.2732592,True
V,0.23730277,True
Q,0.26519755,True
S,0.2417817,True
Y,0.23876056,True
P,0.21712282,True
S,0.15980363,False
K,0.21808414,True
H,0.2778966,True
D,0.2765053,True
Y,0.27547032,True
V,0.13835248,False
