resn,score,is epitope
M,0.118238606,False
S,0.17553805,False
T,0.24539025,True
T,0.18637638,True
T,0.13044867,False
C,0.12291772,False
Q,0.214574,True
V,0.12493407,False
V,0.10798227,False
A,0.10328577,False
F,0.13465863,False
L,0.08277963,False
L,0.105675176,False
S,0.12360648,False
I,0.0770488,False
L,0.09466432,False
G,0.10706907,False
L,0.13874726,False
A,0.052563746,False
G,0.076777145,False
C,0.069109075,False
I,0.107925415,False
A,0.06834889,False
A,0.09768891,False
T,0.12513284,False
G,0.12765399,False
M,0.20812045,True
D,0.18161176,True
M,0.20374364,True
W,0.17701232,True
S,0.32644936,True
T,0.28010345,True
Q,0.36661145,True
D,0.24967213,True
L,0.2204574,True
Y,0.47015485,True
D,0.27876058,True
N,0.36537546,True
P,0.2589881,True
V,0.24903904,True
T,0.17542234,False
S,0.13551842,False
V,0.11392013,False
F,0.23100698,True
Q,0.15986647,False
Y,0.22591099,True
E,0.32080904,True
G,0.16304643,False
L,0.14513701,False
W,0.28411248,True
R,0.3930693,True
S,0.20411798,True
C,0.20572157,True
V,0.17643586,True
R,0.33557922,True
Q,0.23787871,True
S,0.15765207,False
S,0.1460307,False
G,0.11245134,False
F,0.11701157,False
